
    [
        {
            "id": 1,
            "image": "https://image.shutterstock.com/image-photo/perfect-last-detail-modern-businessman-600w-1050919745.jpg",
            "color": "blue",
            "price": "$1200",
            "review": "6.9"
        },
        {
            "id": 2,
            "image": "https://image.shutterstock.com/image-photo/karachi-pakistan-june-monday-2020-600w-1760817308.jpg",
            "color": "white",
            "price": "$900",
            "review": "3.6"
        },
        {
            "id": 3,
            "image": "https://image.shutterstock.com/image-vector/mockup-clothes-your-designhoody-men-600w-414528427.jpg",
            "color": "yellow",
            "price": "$900",
            "review": "4.3"
        },
        {
            "id": 4,
            "image": "https://image.shutterstock.com/image-photo/arab-muslim-man-traditional-dress-600w-533811628.jpg",
            "color": "white",
            "price": "$500",
            "review": "5.3"
        },
        {
            "id": 5,
            "image": "https://image.shutterstock.com/image-photo/business-man-without-head-600w-154426901.jpg",
            "color": "black",
            "price": "$1300",
            "review": "6.5"
        },
        {
            "id": 6,
            "image": "https://image.shutterstock.com/image-photo/photo-nice-grey-hairdo-young-600w-2079723295.jpg",
            "color": "yellow",
            "price": "$400",
            "review": "5.9"
        },
        {
            "id": 7,
            "image": "https://image.shutterstock.com/image-photo/handsome-young-man-posing-dress-600w-342431273.jpg",
            "color": "blue",
            "price": "$400",
            "review": "5.6"
        },
        {
            "id": 8,
            "image": "https://image.shutterstock.com/image-photo/attractive-happy-north-indian-young-600w-1100791880.jpg",
            "color": "yellow",
            "price": "$900",
            "review": "6.3"
        },
        {
            "id": 9,
            "image": "https://image.shutterstock.com/image-photo/south-indian-men-mundu-600w-1134486080.jpg",
            "color": "red",
            "price": "$650",
            "review": "4.8"
        },
        {
            "id": 10,
            "image": "https://image.shutterstock.com/image-photo/black-color-formal-shirt-button-600w-1045661671.jpg",
            "color": "black",
            "price": "$700",
            "review": "6.1"
        },
        {
            "id": 11,
            "image": "https://image.shutterstock.com/image-photo/mens-casual-outfits-man-clothing-600w-1229980249.jpg",
            "color": "pink",
            "price": "$1500",
            "review": "6.2"
        },
        {
            "id": 12,
            "image": "https://image.shutterstock.com/image-photo/businessman-clothes-shoes-man-getting-600w-1663168567.jpg",
            "color": "black",
            "price": "$600",
            "review": "4.3"
        },
        {
            "id": 13,
            "image": "https://image.shutterstock.com/image-photo/men-luxury-clothing-shop-600w-667965544.jpg",
            "color": "blue",
            "price": "$700",
            "review": "6.1"
        },
        {
            "id": 14,
            "image": "https://image.shutterstock.com/image-photo/portrait-young-man-shopping-clothes-600w-277857440.jpg",
            "color": "white",
            "price": "$900",
            "review": "5.9"
        },
        {
            "id": 15,
            "image": "https://image.shutterstock.com/image-photo/shirts-plaid-plan-wooden-background-600w-286809002.jpg",
            "color": "blue",
            "price": "$940",
            "review": "5.3"
        },
        {
            "id": 16,
            "image": "https://image.shutterstock.com/image-photo/set-fashionable-mens-clothing-accessories-600w-1179037327.jpg",
            "color": "blue",
            "price": "$1400",
            "review": "6.3"
        },
        {
            "id": 17,
            "image": "https://image.shutterstock.com/image-photo/long-sleeve-colorful-checkered-shirt-600w-1735110530.jpg",
            "color": "blue",
            "price": "$1500",
            "review": "6.5"
        },
        {
            "id": 18,
            "image": "https://image.shutterstock.com/image-photo/china-man-traditional-chinese-tang-600w-122584681.jpg",
            "color": "red",
            "price": "$900",
            "review": "6.1"
        },
        {
            "id": 19,
            "image": "https://image.shutterstock.com/image-photo/man-wearing-dark-grey-tshirt-600w-198511808.jpg",
            "color": "black",
            "price": "$700",
            "review": "3.6"
        },
        {
            "id": 20,
            "image": "https://image.shutterstock.com/image-photo/blank-gray-mens-hoodie-sweatshirt-600w-1239024589.jpg",
            "color": "white",
            "price": "$800",
            "review": "5.9"
        }
    ]
