


    [
        {
            "id": 1,
            "image": "https://media.istockphoto.com/photos/elegant-young-woman-is-looking-away-smiling-and-thinking-picture-id915320148?s=612x612",
            "color": "black",
            "price": "$850",
            "review": "4.5"
        },
        {
            "id": 2,
            "image": "https://media.istockphoto.com/photos/sisters-show-clothes-picture-id646281830?k=20&m=646281830&s=612x612&w=0&h=nVYNbVazSDSF2A2Nnuv_2W1YQBIvIGlwsFGEpgBgrfY=",
            "color": "blue",
            "price": "$1100",
            "review": "3.7"
        },
        {
            "id": 3,
            "image": "https://media.istockphoto.com/photos/girl-trying-dress-picture-id177311301?k=20&m=177311301&s=612x612&w=0&h=qUV5wrRRto7nA3IayKHodh0q1vR4oF8fztLV0T1gQ_s=",
            "color": "red",
            "price": "$900",
            "review": "3.7"
        },
        {
            "id": 4,
            "image": "https://media.istockphoto.com/photos/cheerful-elegant-woman-looking-away-picture-id535484658?k=20&m=535484658&s=612x612&w=0&h=22Tc23_sw8wciuoQvZF8dwacBh5z2Fka6pklosGEc-k=",
            "color": "black",
            "price": "$400",
            "review": "6.3"
        },
        {
            "id": 5,
            "image": "https://media.istockphoto.com/photos/afro-girl-dancing-in-yellow-maxi-dress-picture-id1222188814?k=20&m=1222188814&s=612x612&w=0&h=8SK0-GFYFBLQpt3ZKHaYsovqfD6DGYtDtrEXYej8QtE=",
            "color": "yellow",
            "price": "$400",
            "review": "4.6"
        },
        {
            "id": 6,
            "image": "https://media.istockphoto.com/photos/young-black-woman-with-curly-hair-in-yellow-dress-and-with-styles-picture-id1295901898?k=20&m=1295901898&s=612x612&w=0&h=IPa_uM2_FmghY5SeVvtfLGE88Jp0WOs2USC9xetQZN4=",
            "color": "yellow",
            "price": "$700",
            "review": "5.5"
        },
        {
            "id": 7,
            "image": "https://media.istockphoto.com/photos/romantic-young-girl-in-dress-picture-id924990004?k=20&m=924990004&s=612x612&w=0&h=SwwELviNU9BMt9NsnEJKjto6VsSRn7ET4dw7bOlcvzg=",
            "color": "red",
            "price": "$900",
            "review": "4.3"
        },
        {
            "id": 8,
            "image": "https://media.istockphoto.com/photos/smiling-girl-in-trendy-hat-and-red-dress-picture-id1165893588?k=20&m=1165893588&s=612x612&w=0&h=CkbruZu3VI1Xci4Vg2cOl5V7TKn6M7xb_JmQMfu0sEs=",
            "color": "red",
            "price": "$507",
            "review": "5.3"
        },
        {
            "id": 9,
            "image": "https://media.istockphoto.com/photos/the-classic-little-black-dress-stylish-and-versatile-picture-id521622910?k=20&m=521622910&s=612x612&w=0&h=bhZCkhNA1v_mOkJp9Q2_nRe2IbRhEvl2umUa3tAgBts=",
            "color": "black",
            "price": "$560",
            "review": "5.7"
        },
        {
            "id": 10,
            "image": "https://media.istockphoto.com/photos/blonde-young-woman-in-floral-spring-summer-dress-picture-id1041692054?k=20&m=1041692054&s=612x612&w=0&h=Eomofo163gehlzVafdIXeTLja2A-VS9qEV5grYS2Vgo=",
            "color": "yellow",
            "price": "$1500",
            "review": "6.9"
        },
        {
            "id": 11,
            "image": "https://media.istockphoto.com/photos/young-eastern-european-american-woman-talking-on-cell-phone-traveling-picture-id1043770164?k=20&m=1043770164&s=612x612&w=0&h=jiKPRAcNOFJ93MQVcXJUR5fw_i-Qm1T-dzC2sC-515M=",
            "color": "blue",
            "price": "$700",
            "review": "6.2"
        },
        {
            "id": 12,
            "image": "https://media.istockphoto.com/photos/beautiful-happy-african-american-young-female-model-wear-dress-in-picture-id960208858?k=20&m=960208858&s=612x612&w=0&h=Uhu99jmHEwXqiiZSyIKxJo6r53nP5Ul5b6GoiLx9ZQA=",
            "color": "black",
            "price": "$400",
            "review": "4.8"
        },
        {
            "id": 13,
            "image": "https://images.pexels.com/photos/1094684/pexels-photo-1094684.jpeg?auto=compress&cs=tinysrgb&w=300",
            "color": "red",
            "price": "$600",
            "review": "5.8"
        },
        {
            "id": 14,
            "image": "https://tse4.mm.bing.net/th?id=OIP.BD2vUdy05h-4LbPDwKzXWQHaKG&pid=Api&P=0",
            "color": "blue",
            "price": "$600",
            "review": "4.2"
        },
        {
            "id": 15,
            "image": "https://tse4.mm.bing.net/th?id=OIP.ULCLJqRwGAleDiKJTbCFuQHaJ4&pid=Api&P=0",
            "color": "red",
            "price": "$900",
            "review": "3.5"
        },
        {
            "id": 16,
            "image": "https://tse4.mm.bing.net/th?id=OIP.6tikl25y4LzGdqTWMLuqtQHaJ3&pid=Api&P=0",
            "color": "blue",
            "price": "$400",
            "review": "4.6"
        },
        {
            "id": 17,
            "image": "https://tse3.mm.bing.net/th?id=OIP.prGkxmofzRDna69DlPXh1gHaJk&pid=Api&P=0",
            "color": "black",
            "price": "$245",
            "review": "6.8"
        },
        {
            "id": 18,
            "image": "https://tse4.mm.bing.net/th?id=OIP.077N83KIUGLUO-cVWeBYDAHaJS&pid=Api&P=0",
            "color": "yellow",
            "price": "$1100",
            "review": "8.3"
        },
        {
            "id": 19,
            "image": "https://tse2.mm.bing.net/th?id=OIP.pm6wtMRGmvu1j9ZtlhwkQAHaND&pid=Api&P=0",
            "color": "red",
            "price": "$1200",
            "review": "5.9"
        },
        {
            "id": 20,
            "image": "https://tse2.mm.bing.net/th?id=OIP.BmBkvAkZ7ZpLz-YnZY4wjAHaLH&pid=Api&P=0",
            "color": "red",
            "price": "$700",
            "review": "6.3"
        }
    ]
